task_id,system,step_number,new_statement,prior_statements_cited,detector_flagged_F2,annotator_A_label,annotator_B_label,adjudicated_label
L2_09,TRACE,2,The issue is being investigated through restart_connection_pool based on the observed incident evidence.,derived from prior reasoning window,TRUE,TRUE,TRUE,TRUE
L2_09,TRACE,3,The issue is being investigated through check_service_status based on the observed incident evidence.,derived from prior reasoning window,TRUE,TRUE,TRUE,TRUE
L2_10,TRACE,0,The issue is being investigated through check_auth_logs based on the observed incident evidence.,derived from prior reasoning window,TRUE,TRUE,TRUE,TRUE
L2_10,TRACE,1,The issue is being investigated through search_knowledge_base based on the observed incident evidence.,derived from prior reasoning window,TRUE,TRUE,TRUE,TRUE
L2_10,TRACE,2,The issue is being investigated through restart_auth_service based on the observed incident evidence.,derived from prior reasoning window,TRUE,TRUE,TRUE,TRUE
L2_10,TRACE,3,The issue is being investigated through check_service_status based on the observed incident evidence.,derived from prior reasoning window,TRUE,TRUE,TRUE,TRUE
L2_11,TRACE,0,The issue is being investigated through check_network_status based on the observed incident evidence.,derived from prior reasoning window,TRUE,TRUE,TRUE,TRUE
L2_11,TRACE,1,The issue is being investigated through search_knowledge_base based on the observed incident evidence.,derived from prior reasoning window,TRUE,TRUE,TRUE,TRUE
L2_11,TRACE,2,The issue is being investigated through reset_network_route based on the observed incident evidence.,derived from prior reasoning window,TRUE,TRUE,TRUE,TRUE
L2_11,TRACE,3,The issue is being investigated through check_service_status based on the observed incident evidence.,derived from prior reasoning window,TRUE,TRUE,TRUE,TRUE
L2_12,TRACE,0,The issue is being investigated through check_pipeline_status based on the observed incident evidence.,derived from prior reasoning window,TRUE,TRUE,TRUE,TRUE
L2_12,TRACE,1,The issue is being investigated through search_knowledge_base based on the observed incident evidence.,derived from prior reasoning window,TRUE,TRUE,TRUE,TRUE
L2_12,TRACE,2,The issue is being investigated through rollback_deployment based on the observed incident evidence.,derived from prior reasoning window,TRUE,TRUE,TRUE,TRUE
L2_12,TRACE,3,The issue is being investigated through check_service_status based on the observed incident evidence.,derived from prior reasoning window,TRUE,TRUE,TRUE,TRUE
L2_13,TRACE,0,The issue is being investigated through check_db_connections based on the observed incident evidence.,derived from prior reasoning window,TRUE,TRUE,TRUE,TRUE
L2_13,TRACE,1,The issue is being investigated through check_db_connections based on the observed incident evidence.,derived from prior reasoning window,TRUE,TRUE,TRUE,TRUE
L2_13,TRACE,2,[REFLECTION] The previous step did not produce strong evidence.,derived from prior reasoning window,TRUE,TRUE,TRUE,TRUE
L2_14,TRACE,0,The issue is being investigated through check_auth_logs based on the observed incident evidence.,derived from prior reasoning window,TRUE,TRUE,TRUE,TRUE
L2_14,TRACE,1,The issue is being investigated through check_auth_logs based on the observed incident evidence.,derived from prior reasoning window,TRUE,TRUE,TRUE,TRUE
L2_14,TRACE,2,[REFLECTION] The previous step did not produce strong evidence.,derived from prior reasoning window,TRUE,TRUE,TRUE,TRUE
L2_15,TRACE,0,The issue is being investigated through check_network_status based on the observed incident evidence.,derived from prior reasoning window,TRUE,TRUE,TRUE,TRUE
L2_15,TRACE,1,The issue is being investigated through check_network_status based on the observed incident evidence.,derived from prior reasoning window,TRUE,TRUE,TRUE,TRUE
L2_15,TRACE,2,[REFLECTION] The previous step did not produce strong evidence.,derived from prior reasoning window,TRUE,TRUE,TRUE,TRUE
L3_01,TRACE,0,The issue is being investigated through check_db_connections based on the observed incident evidence.,derived from prior reasoning window,TRUE,TRUE,TRUE,TRUE
L3_01,TRACE,1,The issue is being investigated through search_knowledge_base based on the observed incident evidence.,derived from prior reasoning window,TRUE,TRUE,TRUE,TRUE
L3_01,TRACE,2,[REPLAN] Adjust next step using current evidence.,derived from prior reasoning window,TRUE,TRUE,TRUE,TRUE
L3_01,TRACE,3,The issue is being investigated through restart_connection_pool based on the observed incident evidence.,derived from prior reasoning window,TRUE,TRUE,TRUE,TRUE
L3_01,TRACE,4,The issue is being investigated through check_service_status based on the observed incident evidence.,derived from prior reasoning window,TRUE,TRUE,TRUE,TRUE
L3_02,TRACE,0,The issue is being investigated through check_auth_logs based on the observed incident evidence.,derived from prior reasoning window,FALSE,FALSE,FALSE,FALSE
L3_02,TRACE,1,The issue is being investigated through search_knowledge_base based on the observed incident evidence.,derived from prior reasoning window,FALSE,FALSE,FALSE,FALSE
L3_02,TRACE,2,[REPLAN] Adjust next step using current evidence.,derived from prior reasoning window,FALSE,FALSE,FALSE,FALSE
L3_02,TRACE,3,The issue is being investigated through restart_auth_service based on the observed incident evidence.,derived from prior reasoning window,FALSE,FALSE,FALSE,FALSE
L3_02,TRACE,4,The issue is being investigated through check_service_status based on the observed incident evidence.,derived from prior reasoning window,FALSE,FALSE,FALSE,FALSE
L3_03,TRACE,0,The issue is being investigated through check_network_status based on the observed incident evidence.,derived from prior reasoning window,FALSE,FALSE,FALSE,FALSE
L3_03,TRACE,1,The issue is being investigated through search_knowledge_base based on the observed incident evidence.,derived from prior reasoning window,FALSE,FALSE,FALSE,FALSE
L3_03,TRACE,2,[REPLAN] Adjust next step using current evidence.,derived from prior reasoning window,FALSE,FALSE,FALSE,FALSE
L3_03,TRACE,3,The issue is being investigated through reset_network_route based on the observed incident evidence.,derived from prior reasoning window,FALSE,FALSE,FALSE,FALSE
L3_03,TRACE,4,The issue is being investigated through check_service_status based on the observed incident evidence.,derived from prior reasoning window,FALSE,FALSE,FALSE,FALSE
L3_04,TRACE,0,The issue is being investigated through check_pipeline_status based on the observed incident evidence.,derived from prior reasoning window,FALSE,FALSE,FALSE,FALSE
L3_04,TRACE,1,The issue is being investigated through search_knowledge_base based on the observed incident evidence.,derived from prior reasoning window,FALSE,FALSE,FALSE,FALSE
L3_04,TRACE,2,[REPLAN] Adjust next step using current evidence.,derived from prior reasoning window,FALSE,FALSE,FALSE,FALSE
L3_04,TRACE,3,The issue is being investigated through rollback_deployment based on the observed incident evidence.,derived from prior reasoning window,FALSE,FALSE,FALSE,FALSE
L3_04,TRACE,4,The issue is being investigated through check_service_status based on the observed incident evidence.,derived from prior reasoning window,FALSE,FALSE,FALSE,FALSE
L3_05,TRACE,0,The issue is being investigated through check_db_connections based on the observed incident evidence.,derived from prior reasoning window,FALSE,FALSE,FALSE,FALSE
L3_05,TRACE,1,The issue is being investigated through search_knowledge_base based on the observed incident evidence.,derived from prior reasoning window,FALSE,FALSE,FALSE,FALSE
L3_05,TRACE,2,[REPLAN] Adjust next step using current evidence.,derived from prior reasoning window,FALSE,FALSE,FALSE,FALSE
L3_05,TRACE,3,The issue is being investigated through restart_connection_pool based on the observed incident evidence.,derived from prior reasoning window,FALSE,FALSE,FALSE,FALSE
L3_05,TRACE,4,The issue is being investigated through check_service_status based on the observed incident evidence.,derived from prior reasoning window,FALSE,FALSE,FALSE,FALSE
L3_06,TRACE,0,The issue is being investigated through check_auth_logs based on the observed incident evidence.,derived from prior reasoning window,FALSE,FALSE,FALSE,FALSE
L3_06,TRACE,1,The issue is being investigated through search_knowledge_base based on the observed incident evidence.,derived from prior reasoning window,FALSE,FALSE,FALSE,FALSE
L3_06,TRACE,2,[REPLAN] Adjust next step using current evidence.,derived from prior reasoning window,FALSE,FALSE,FALSE,FALSE
L3_06,TRACE,3,The issue is being investigated through restart_auth_service based on the observed incident evidence.,derived from prior reasoning window,FALSE,FALSE,FALSE,FALSE
L3_06,TRACE,4,The issue is being investigated through check_service_status based on the observed incident evidence.,derived from prior reasoning window,FALSE,FALSE,FALSE,FALSE
L3_07,TRACE,0,The issue is being investigated through check_network_status based on the observed incident evidence.,derived from prior reasoning window,FALSE,FALSE,FALSE,FALSE
L3_07,TRACE,1,The issue is being investigated through search_knowledge_base based on the observed incident evidence.,derived from prior reasoning window,FALSE,FALSE,FALSE,FALSE
L3_07,TRACE,2,[REPLAN] Adjust next step using current evidence.,derived from prior reasoning window,FALSE,FALSE,FALSE,FALSE
L3_07,TRACE,3,The issue is being investigated through reset_network_route based on the observed incident evidence.,derived from prior reasoning window,FALSE,FALSE,FALSE,FALSE
L3_07,TRACE,4,The issue is being investigated through check_service_status based on the observed incident evidence.,derived from prior reasoning window,FALSE,FALSE,FALSE,FALSE
L3_08,TRACE,0,The issue is being investigated through check_pipeline_status based on the observed incident evidence.,derived from prior reasoning window,FALSE,FALSE,FALSE,FALSE
L3_08,TRACE,1,The issue is being investigated through search_knowledge_base based on the observed incident evidence.,derived from prior reasoning window,FALSE,FALSE,FALSE,FALSE
L3_08,TRACE,2,[REPLAN] Adjust next step using current evidence.,derived from prior reasoning window,FALSE,FALSE,FALSE,FALSE
L3_08,TRACE,3,The issue is being investigated through rollback_deployment based on the observed incident evidence.,derived from prior reasoning window,FALSE,FALSE,FALSE,FALSE
L3_08,TRACE,4,The issue is being investigated through check_service_status based on the observed incident evidence.,derived from prior reasoning window,FALSE,FALSE,FALSE,FALSE
L3_09,TRACE,0,The issue is being investigated through check_db_connections based on the observed incident evidence.,derived from prior reasoning window,FALSE,FALSE,FALSE,FALSE
L3_09,TRACE,1,The issue is being investigated through search_knowledge_base based on the observed incident evidence.,derived from prior reasoning window,FALSE,FALSE,FALSE,FALSE
L3_09,TRACE,2,[REPLAN] Adjust next step using current evidence.,derived from prior reasoning window,FALSE,FALSE,FALSE,FALSE
L3_09,TRACE,3,The issue is being investigated through restart_connection_pool based on the observed incident evidence.,derived from prior reasoning window,FALSE,FALSE,FALSE,FALSE
L3_09,TRACE,4,The issue is being investigated through check_service_status based on the observed incident evidence.,derived from prior reasoning window,FALSE,FALSE,FALSE,FALSE
L3_10,TRACE,0,The issue is being investigated through check_auth_logs based on the observed incident evidence.,derived from prior reasoning window,FALSE,FALSE,FALSE,FALSE
L3_10,TRACE,1,The issue is being investigated through search_knowledge_base based on the observed incident evidence.,derived from prior reasoning window,FALSE,FALSE,FALSE,FALSE
L3_10,TRACE,2,[REPLAN] Adjust next step using current evidence.,derived from prior reasoning window,FALSE,FALSE,FALSE,FALSE
L3_10,TRACE,3,The issue is being investigated through restart_auth_service based on the observed incident evidence.,derived from prior reasoning window,FALSE,FALSE,FALSE,FALSE
L3_10,TRACE,4,The issue is being investigated through check_service_status based on the observed incident evidence.,derived from prior reasoning window,FALSE,FALSE,FALSE,FALSE
L3_11,TRACE,0,The issue is being investigated through check_network_status based on the observed incident evidence.,derived from prior reasoning window,FALSE,FALSE,FALSE,FALSE
L3_11,TRACE,1,The issue is being investigated through search_knowledge_base based on the observed incident evidence.,derived from prior reasoning window,FALSE,FALSE,FALSE,FALSE
L3_11,TRACE,2,[REPLAN] Adjust next step using current evidence.,derived from prior reasoning window,FALSE,FALSE,FALSE,FALSE
L3_11,TRACE,3,The issue is being investigated through reset_network_route based on the observed incident evidence.,derived from prior reasoning window,FALSE,FALSE,FALSE,FALSE
L3_11,TRACE,4,The issue is being investigated through check_service_status based on the observed incident evidence.,derived from prior reasoning window,FALSE,FALSE,FALSE,FALSE
L3_12,TRACE,0,The issue is being investigated through check_pipeline_status based on the observed incident evidence.,derived from prior reasoning window,FALSE,TRUE,FALSE,TRUE
L3_12,TRACE,1,[TOOL_SWITCH] Adjust next step using current evidence.,derived from prior reasoning window,TRUE,FALSE,TRUE,FALSE
L3_12,TRACE,2,The issue is being investigated through check_pipeline_status based on the observed incident evidence.,derived from prior reasoning window,TRUE,FALSE,TRUE,FALSE
L3_13,TRACE,0,The issue is being investigated through check_db_connections based on the observed incident evidence.,derived from prior reasoning window,TRUE,FALSE,TRUE,FALSE
L3_13,TRACE,1,[TOOL_SWITCH] Adjust next step using current evidence.,derived from prior reasoning window,TRUE,FALSE,TRUE,FALSE
L3_13,TRACE,2,The issue is being investigated through check_db_connections based on the observed incident evidence.,derived from prior reasoning window,TRUE,FALSE,TRUE,FALSE
L3_14,TRACE,0,The issue is being investigated through check_auth_logs based on the observed incident evidence.,derived from prior reasoning window,TRUE,FALSE,TRUE,FALSE
L3_14,TRACE,1,[TOOL_SWITCH] Adjust next step using current evidence.,derived from prior reasoning window,TRUE,FALSE,TRUE,FALSE
L3_14,TRACE,2,The issue is being investigated through check_auth_logs based on the observed incident evidence.,derived from prior reasoning window,TRUE,FALSE,TRUE,FALSE
L3_15,TRACE,0,The issue is being investigated through check_network_status based on the observed incident evidence.,derived from prior reasoning window,TRUE,FALSE,TRUE,FALSE
L3_15,TRACE,1,[TOOL_SWITCH] Adjust next step using current evidence.,derived from prior reasoning window,TRUE,FALSE,TRUE,FALSE
